828081710,1,1,1,1,1,1,0,0,0,0,0,0,0,0,1,0,0,0,0,0,3
828065997,1,1,1,1,1,1,0,0,0,0,0,0,0,1,0,0,0,0,0,1,3
828164560,1,0,,1,1,1,0,0,0,0,0,0,0,1,1,0,0,0,0,1,2
828506968,1,0,,1,1,1,0,0,0,0,0,0,0,1,0,0,0,1,1,1,3
828249692,1,1,1,1,1,1,0,0,0,0,0,0,0,0,1,0,0,0,0,0,2
828516533,1,1,1,1,1,1,1,1,1,1,1,1,1,1,1,1,1,1,1,1,2
828261521,1,1,1,1,1,1,0,0,0,0,0,0,0,1,0,0,0,1,0,0,3
828333505,1,1,1,1,1,1,0,0,0,0,0,0,0,1,0,1,1,0,0,0,2
828391324,1,0,,1,1,1,0,0,0,0,0,0,0,0,1,0,0,0,0,0,2
828419371,1,0,,1,1,1,0,0,0,0,0,0,0,1,0,0,0,0,0,1,3
828225135,1,1,1,1,1,1,0,0,0,0,0,0,0,1,0,0,0,0,0,0,2
828037469,1,1,0,0,0,1,0,0,0,0,0,0,0,0,0,0,0,1,0,0,2
828243422,1,0,,1,1,1,0,1,0,0,0,0,0,0,0,0,0,0,0,0,3
828358597,1,1,1,1,1,1,0,0,0,0,0,0,0,1,1,0,0,0,1,0,3
828099244,1,1,1,1,1,1,0,0,0,0,0,0,0,1,0,0,0,0,0,0,2
828463173,1,1,1,1,1,1,0,0,0,0,0,0,0,1,0,0,1,1,1,1,3
828065226,1,1,1,1,1,1,0,0,0,0,0,0,0,1,0,0,0,0,0,0,3
828113732,1,1,1,1,1,1,0,0,0,0,0,0,0,0,1,0,0,0,0,0,3
828237393,1,1,1,1,1,1,0,0,0,0,0,0,0,1,0,0,0,0,0,0,3
828116880,1,1,0,1,1,1,0,0,0,0,0,0,0,0,0,0,0,0,0,0,2
828551286,1,0,,1,1,0,1,0,0,0,0,0,0,0,0,0,0,0,1,1,2
828259305,1,0,,0,1,1,0,0,0,0,0,0,0,0,0,0,0,0,0,0,3
828139310,1,1,1,1,1,1,0,0,0,0,0,0,0,1,0,0,0,1,0,0,3
828194217,1,1,1,1,1,1,0,0,0,0,0,0,0,1,0,0,0,0,0,0,3
828228686,1,1,1,1,1,1,0,0,0,0,0,0,0,1,0,0,0,0,0,0,2
828248826,0,0,,1,1,1,0,0,0,0,0,0,0,0,0,0,0,0,0,0,2
828286472,1,0,,1,1,1,0,0,0,0,0,0,0,1,0,0,0,0,0,1,3
828041069,1,1,1,1,1,1,0,0,0,0,0,0,0,1,0,0,0,0,0,0,2
828113596,1,0,,1,1,1,0,1,0,0,0,0,0,0,0,0,1,1,0,1,2
828265747,1,1,1,1,1,1,0,0,0,0,0,0,0,1,0,0,0,0,0,0,2
828503649,1,0,,1,1,1,0,0,0,0,0,0,0,1,0,0,0,0,0,0,3
828327040,1,1,1,1,1,1,0,0,0,0,0,0,0,1,1,0,0,1,1,0,3
828045907,1,1,1,1,1,1,0,0,0,0,0,0,0,1,0,0,0,0,0,0,3
828240891,1,1,1,1,1,1,0,0,0,0,0,0,0,1,0,0,0,0,0,0,3
828504419,1,1,1,1,1,1,0,0,0,0,0,0,0,1,0,0,0,1,1,1,3
828268931,1,1,1,1,1,1,0,0,0,0,0,0,0,1,0,0,0,0,0,1,3
828401758,1,1,0,0,0,1,0,0,0,0,0,0,0,0,0,0,0,0,0,0,2
828373683,1,1,1,1,1,1,0,0,0,0,0,0,0,1,0,0,0,0,0,0,2
828553519,1,1,1,1,1,1,0,0,0,0,0,0,0,1,0,0,0,0,0,0,3
828567228,1,1,1,1,1,1,0,0,0,0,0,0,0,1,0,0,0,0,0,0,2
828414418,1,1,1,1,1,1,0,0,0,0,0,0,1,0,0,0,0,0,0,1,2
828411405,1,1,1,1,1,1,0,0,0,0,0,0,0,1,0,0,0,0,0,0,2
828184203,1,1,1,1,1,1,0,0,0,0,0,0,0,1,0,0,0,0,0,0,2
828166209,1,1,1,1,1,1,0,0,0,0,0,0,0,1,0,0,0,0,0,0,3
828133505,1,0,,1,1,1,0,0,0,0,0,0,0,1,0,0,0,0,0,1,2
828441493,1,0,,1,1,1,0,1,0,0,0,0,0,0,0,0,0,1,1,1,2
828410224,1,1,1,1,1,1,0,0,0,0,0,0,0,1,0,0,0,0,0,0,3
828280598,1,1,1,1,1,1,0,0,0,0,0,0,0,1,0,0,0,0,0,0,2
828228320,1,1,1,1,1,1,0,0,0,0,0,0,0,1,0,0,0,0,0,0,3
828151066,1,0,,1,1,1,0,1,0,0,0,0,0,0,0,0,0,0,0,1,2
828061257,1,1,1,1,1,1,0,0,0,0,0,0,0,1,0,0,0,0,0,1,2
828281616,1,1,1,1,1,1,0,0,1,0,0,0,0,0,0,0,0,0,0,0,2
828046862,1,0,,1,1,1,0,0,0,0,0,0,1,1,0,0,0,0,0,0,2
828504164,1,1,1,1,1,1,0,0,0,0,0,0,0,0,0,1,1,1,1,1,2
828398954,1,0,,1,1,1,0,0,0,0,0,0,0,1,0,0,0,0,0,0,2
828282361,1,0,,1,1,1,0,0,0,0,0,0,0,0,0,1,1,1,0,0,3
828399174,1,0,,1,1,1,0,0,1,0,0,0,0,1,0,0,0,1,0,1,2
828472920,1,0,,1,1,1,0,1,0,0,0,0,0,0,0,0,0,1,0,1,3
828212633,1,1,1,1,1,1,0,0,0,0,0,0,0,1,0,0,0,0,0,0,2
828122804,1,0,,1,1,1,0,0,0,0,0,0,0,1,0,0,0,0,0,0,2
828234391,1,1,1,1,1,1,0,0,0,0,0,0,0,1,0,0,0,1,1,1,3
828588178,1,1,1,1,1,1,0,0,0,0,0,0,0,1,0,0,0,0,0,0,3
828225195,1,1,1,1,1,1,0,0,0,0,0,0,0,1,0,0,1,0,0,0,2
828110604,1,0,,1,1,1,0,0,0,0,0,0,0,1,0,0,0,1,0,1,2
828272778,1,1,1,1,1,1,0,0,0,0,0,0,0,1,0,0,0,0,0,0,3
828304912,1,1,1,1,1,1,0,0,0,0,0,0,0,1,0,0,0,0,0,0,2
828061391,1,1,1,1,1,1,0,0,0,0,0,0,0,0,0,0,0,1,0,1,2
828081168,1,1,1,1,1,1,0,0,0,0,0,0,0,0,1,0,0,1,0,1,2
828059974,1,1,1,1,1,1,0,0,0,0,0,0,0,1,0,0,0,0,0,0,3
828377385,1,0,,1,1,1,0,0,0,0,0,0,0,0,0,1,0,0,0,0,2
828354389,1,1,1,1,1,1,0,0,0,0,0,0,0,1,0,0,0,0,0,0,3
828412674,1,1,1,1,1,1,0,0,0,0,0,0,0,1,0,1,0,1,0,1,3
828109249,1,0,,1,1,1,0,0,0,0,0,0,0,0,1,0,0,1,0,1,3
828509853,1,1,1,1,1,1,0,0,1,0,0,0,0,0,0,0,0,0,0,0,2
828243337,1,0,,1,1,1,0,0,0,0,0,0,0,0,0,1,0,0,0,0,2
828118627,1,0,,1,1,1,0,0,0,0,0,0,0,0,0,1,1,0,0,0,2
828278890,1,0,,1,1,1,0,0,0,0,0,0,0,0,1,0,0,0,0,1,2
828145813,1,0,,1,1,1,0,0,0,0,0,0,0,1,0,0,0,0,0,0,2
828531467,1,0,,1,1,1,0,0,0,0,0,0,0,1,0,0,0,0,0,1,4
828374176,1,1,0,1,1,1,0,0,0,0,0,0,0,0,0,0,1,1,0,1,2
828517958,1,1,1,1,1,1,0,0,0,0,0,0,0,0,0,1,0,1,1,1,2
828148037,1,0,,1,1,1,0,0,0,0,0,0,0,0,1,0,0,0,0,0,3
828358717,1,0,,1,1,1,0,0,0,0,0,0,0,1,0,0,0,0,0,1,3
828212768,1,1,1,1,1,1,0,0,0,0,0,0,0,1,0,0,0,0,0,0,2
828459340,1,1,1,1,1,1,0,0,0,0,0,0,0,1,0,0,0,0,0,0,3
828321683,1,1,1,1,1,1,0,0,0,0,0,0,0,1,0,0,0,1,0,0,3
828120274,0,0,,0,0,1,0,0,0,0,0,0,0,0,0,0,0,0,0,0,2
828239706,1,0,,1,1,1,0,0,0,0,0,0,0,1,0,0,0,1,0,1,2
828400991,1,0,,0,0,1,0,0,0,0,0,0,0,0,0,0,0,0,0,0,2
828476748,1,0,,1,1,1,0,0,0,0,0,0,0,1,0,0,1,1,1,1,3
828457231,1,1,1,1,1,1,0,0,0,0,0,0,0,1,0,0,0,1,1,0,2
828267512,1,1,1,1,1,1,0,0,0,0,0,0,0,1,0,0,0,0,0,0,2
828543467,1,0,,1,1,1,0,0,0,0,0,0,0,1,0,0,0,0,0,1,2
828085042,1,1,1,1,1,1,0,0,0,0,0,0,0,0,1,0,0,0,0,1,2
828372676,1,0,,1,1,1,1,0,0,0,0,0,0,0,0,0,0,0,0,0,2
828519336,1,1,1,1,1,1,0,0,0,0,0,0,0,1,0,0,0,0,0,0,3
828274389,1,1,1,1,0,1,0,0,0,0,0,0,0,0,0,0,0,0,0,0,2
828491158,1,1,1,1,1,1,0,0,0,0,0,0,0,1,0,1,0,0,0,1,2
828659689,1,1,1,1,1,1,0,0,0,0,0,0,0,1,0,1,0,0,0,1,2
828226227,1,0,,1,1,1,0,0,0,0,0,0,0,1,0,0,0,0,0,1,3
828078845,1,1,1,1,1,1,0,0,0,0,0,0,0,1,0,0,0,0,0,0,3
828352280,1,0,,1,1,1,0,0,0,0,0,0,0,1,0,0,1,0,0,1,3
828240620,0,1,0,0,1,1,0,0,0,0,0,0,0,0,0,0,0,0,0,0,2
830330356,1,0,,1,0,1,0,0,0,0,0,0,0,0,0,0,0,1,1,0,3
828339422,1,0,,1,1,1,0,0,0,0,0,0,0,1,0,0,0,1,0,1,3
828351970,1,0,,1,1,1,0,0,0,0,0,0,0,1,0,0,0,0,0,0,2
828332271,1,1,1,1,1,1,0,0,0,0,0,0,0,1,0,0,0,0,0,0,2
828124432,1,0,,1,1,1,0,0,0,0,0,0,0,1,0,0,0,0,0,0,3
828213515,1,0,,1,1,1,0,0,0,0,0,0,0,1,0,0,0,0,0,1,3
828599443,1,0,,1,1,1,0,0,0,0,0,0,0,0,0,1,1,1,0,1,3
828525718,1,0,,1,1,1,0,0,0,0,0,0,0,1,0,0,0,0,0,0,2
828222091,1,1,1,1,1,1,0,0,0,0,0,0,0,0,0,1,0,0,0,0,3
828189342,1,1,1,1,1,1,0,0,0,0,0,0,0,1,0,0,0,0,0,1,2
828382459,1,1,1,1,1,1,0,0,0,0,0,0,0,1,0,0,0,0,0,0,3
828258940,1,0,,1,1,1,0,0,0,0,0,0,0,1,0,0,0,0,0,0,3
828161053,1,1,1,1,1,1,0,0,0,0,0,0,0,1,0,0,0,0,0,1,2
828238244,1,1,1,1,1,1,0,0,0,0,0,0,0,1,1,0,0,0,0,0,3
828472650,1,1,1,1,0,1,0,0,0,0,0,0,0,0,0,0,0,0,0,0,2
828068090,1,1,1,1,1,1,0,0,0,0,0,0,0,1,0,0,0,1,1,0,3
828133029,1,0,,1,1,1,0,0,0,0,0,0,0,1,0,0,0,0,0,0,2
828588127,1,1,1,1,1,1,0,0,0,0,0,0,0,1,0,1,0,1,0,0,3
828242142,1,0,,1,1,1,0,0,0,0,0,0,0,1,0,0,0,0,0,0,3
828062216,1,1,1,1,1,1,0,0,0,0,0,0,0,1,0,0,0,1,0,1,2
828090684,1,0,,0,1,1,0,0,0,0,0,0,0,0,0,0,0,0,0,0,2
828155909,1,0,,1,1,1,0,0,0,0,0,0,0,1,0,0,0,1,1,0,2
828094023,1,1,1,1,1,1,0,0,0,0,0,0,0,1,0,0,0,0,0,0,3
828192930,1,0,,1,1,1,0,0,0,0,0,0,0,1,0,0,0,0,0,0,2
828415355,1,0,,1,1,1,0,1,0,0,0,0,0,0,0,0,1,0,0,1,3
828040911,1,1,1,1,1,1,0,0,0,0,0,0,0,1,0,0,0,0,0,0,2
828043316,1,1,1,1,1,1,0,0,0,0,0,0,0,1,0,0,0,0,0,0,2
828460684,1,0,,0,1,1,0,0,0,0,0,0,0,0,0,0,1,1,1,0,2
828234412,1,0,,1,1,1,0,1,0,0,0,0,0,0,0,0,0,0,0,0,2
828441714,1,1,1,1,1,1,0,0,0,0,0,0,0,1,0,0,1,1,0,1,3
828235233,1,1,1,1,1,1,0,0,0,0,0,0,0,1,0,0,0,0,0,1,3
828045558,1,1,1,1,1,1,0,0,0,0,0,0,0,1,0,1,0,0,0,0,2
828067043,1,1,1,1,1,1,0,0,0,0,0,0,0,1,0,0,0,1,1,0,3
828078772,1,1,1,1,1,1,0,0,0,0,0,0,0,0,1,0,0,0,0,0,3
828290214,1,0,,1,1,1,0,0,0,0,0,0,0,1,0,0,0,0,0,0,2
828493197,1,1,1,1,1,1,0,0,0,0,0,0,0,1,0,0,0,0,0,0,3
828565944,1,1,1,1,1,1,0,0,0,0,0,0,0,1,1,0,1,0,0,1,3
828237150,1,1,1,1,1,1,0,0,0,0,0,0,0,1,0,0,0,0,0,0,2
828080405,1,0,,1,1,1,0,0,0,0,0,0,0,1,0,0,0,1,0,0,3
828388946,1,1,1,1,1,1,0,0,0,0,0,0,0,1,0,0,0,1,1,0,3
828372487,1,0,,1,1,1,0,0,0,1,0,0,0,0,0,0,1,1,0,1,2
828373048,1,0,,1,1,1,0,0,0,0,0,0,0,0,0,1,0,0,0,0,3
828236638,1,1,1,1,1,1,0,0,0,0,0,0,0,1,0,0,0,0,0,1,3
828135677,1,1,1,1,1,1,0,0,0,0,0,0,0,1,0,1,1,0,0,0,2
828274441,1,1,1,1,1,1,0,0,0,0,0,0,0,1,1,1,0,1,0,1,2
828330276,1,1,1,1,1,1,0,0,0,0,0,0,0,1,0,0,0,0,0,0,2
828137827,1,1,1,1,1,1,0,0,0,0,0,0,0,0,1,0,0,0,0,0,2
828032818,1,1,1,1,1,1,0,0,0,0,0,0,0,1,0,0,1,0,0,0,2
828441293,0,1,0,0,0,1,0,0,0,0,0,0,0,0,0,0,0,0,0,0,3
828043761,1,1,1,1,1,1,0,0,0,0,0,0,0,1,0,0,0,0,0,0,2
828229903,1,1,1,1,1,1,0,0,0,0,0,0,0,1,0,0,0,0,0,1,3
828443342,1,1,1,1,1,1,0,0,0,0,0,0,0,1,0,0,0,0,0,1,2
828095429,1,1,1,1,1,1,0,0,0,0,0,0,0,1,0,0,0,0,0,0,2
828368866,1,0,,0,1,1,0,0,0,0,0,0,0,0,0,0,0,0,0,0,2
828196777,1,1,1,1,1,1,0,0,0,0,0,0,0,1,0,0,0,0,0,1,2
828196911,1,0,,0,1,1,0,0,0,0,0,0,0,0,0,0,0,0,0,0,2
828516940,1,1,1,1,1,1,0,0,0,0,0,0,0,1,0,1,0,0,0,0,2
828388380,1,0,,1,1,1,0,0,0,0,0,0,0,1,0,0,0,1,1,1,3
828117012,1,1,1,1,1,1,0,0,0,0,0,0,0,1,0,0,0,0,0,0,3
828373713,1,1,1,1,1,1,0,0,0,0,0,0,0,1,0,0,0,0,0,0,2
828454596,1,0,,1,1,1,0,1,0,0,0,0,0,0,0,0,0,0,0,0,2
828577067,1,0,,1,1,1,0,0,0,1,0,0,0,0,0,0,0,0,0,1,3
828125335,1,1,1,1,1,1,0,0,0,0,0,0,0,1,0,1,1,0,0,0,3
828110076,1,1,1,1,1,1,0,0,0,0,0,0,0,1,0,0,1,1,1,1,3
828036889,1,0,,1,1,1,0,0,0,0,0,0,0,0,1,0,0,0,0,0,2
828494797,1,0,,1,1,1,0,0,0,0,0,0,0,1,0,0,0,0,0,1,3
828401832,1,1,1,1,1,1,0,0,0,0,0,0,0,1,0,0,0,0,0,0,3
828445707,1,0,,1,1,1,0,1,0,0,0,0,0,0,0,0,0,0,0,0,2
828530285,1,0,,1,1,1,0,0,0,0,0,0,0,1,0,0,0,0,0,1,2
828104931,1,0,,1,1,1,0,0,0,0,0,0,0,0,0,1,1,0,0,1,2
828060124,1,0,,1,1,1,0,0,0,0,0,0,1,0,0,0,0,0,0,0,2
828094985,1,0,,1,1,1,0,0,0,0,1,0,0,0,0,0,0,0,0,0,2
828160897,1,1,1,1,1,1,0,0,0,0,0,0,0,1,0,0,0,1,0,1,3
828122387,1,1,1,1,1,1,0,0,0,0,0,0,0,1,0,0,0,0,0,0,3
828419443,1,0,,1,1,1,0,1,0,0,0,0,0,0,0,0,0,1,1,1,3
828141867,1,0,,1,1,1,0,0,0,0,0,0,0,1,0,0,0,0,0,0,2
828218513,1,0,,1,1,1,0,1,0,0,0,0,0,0,0,0,0,0,0,0,3
828059963,1,1,1,1,1,1,0,0,0,0,0,0,0,1,0,0,0,1,0,0,3
828437726,1,1,1,1,1,1,0,0,0,0,0,0,0,1,0,0,0,0,0,1,2
828440716,1,1,1,1,1,1,0,0,0,0,0,0,0,1,0,0,0,0,0,0,2
828445169,1,1,1,1,1,1,0,0,0,0,0,0,0,1,0,1,1,0,0,1,2
828128393,1,1,1,1,1,1,0,0,0,0,0,0,0,0,1,0,0,0,0,0,3
828150217,1,1,1,1,1,1,0,0,0,0,0,0,0,0,0,1,1,1,1,1,3
828330509,1,0,,1,1,1,1,0,0,0,0,0,0,0,0,0,0,0,0,0,2
828263770,1,1,1,1,1,1,0,0,0,0,0,0,0,1,0,0,0,0,0,0,3
828564670,1,1,1,1,1,1,0,0,1,1,0,0,0,0,0,0,0,1,1,1,3
828488811,1,0,,1,1,1,0,0,0,0,0,0,0,1,0,0,0,0,0,0,2
828064185,1,0,,1,1,1,0,0,0,0,0,0,0,0,1,0,0,1,0,0,4
828136227,1,0,,1,1,1,0,0,0,0,0,0,0,1,0,0,0,1,0,1,2
828051519,1,1,1,1,1,1,0,0,0,0,0,0,0,1,1,0,0,0,0,0,3
828549542,1,1,1,1,1,1,0,0,0,0,0,0,0,1,0,0,0,0,0,0,3
828058111,1,0,,1,1,1,0,0,0,0,0,0,0,1,0,0,0,0,0,0,2
828357952,1,1,1,1,1,1,0,0,0,0,0,0,0,1,0,0,0,0,0,0,2
828274050,1,0,,0,0,1,0,0,0,0,0,0,0,0,0,0,0,0,0,0,2
828083645,1,1,1,1,1,1,0,0,0,0,0,0,0,1,0,0,0,0,0,1,3
828475921,1,1,1,1,1,1,0,0,0,0,0,0,0,1,0,0,0,0,0,0,2
828381338,1,1,1,1,1,1,0,0,0,0,0,0,0,1,0,0,0,0,0,0,3
828122814,1,0,,1,1,1,0,0,0,0,0,0,0,1,0,0,0,0,0,1,3
828128740,1,1,1,1,1,1,0,0,0,0,0,0,0,1,0,0,0,0,0,0,3
828192546,1,1,1,1,1,1,0,0,0,0,0,0,0,1,0,0,0,0,0,1,3
828462071,1,1,1,1,1,1,0,0,0,0,0,0,0,1,0,0,0,0,0,0,3
828273194,1,1,0,0,0,1,0,0,0,0,0,0,0,0,0,0,0,0,0,0,2
828270221,1,1,1,1,1,1,0,0,0,0,0,0,0,1,0,0,0,0,0,0,3
830223287,1,0,,1,1,1,0,0,0,0,0,0,0,0,0,1,1,1,1,0,3
828404780,1,1,,1,1,1,1,0,0,0,0,0,0,0,0,0,0,0,0,0,2
828285692,1,1,1,1,1,1,0,0,0,0,0,0,0,1,0,0,0,0,0,0,2
828182898,1,0,,1,1,1,0,0,0,0,0,0,0,0,1,1,0,0,0,0,3
828325066,1,0,,0,1,1,0,1,0,0,0,0,0,0,0,0,0,0,1,1,2
828100955,1,1,1,1,1,1,0,0,0,0,0,0,0,1,0,0,0,0,0,0,3
828241258,1,1,1,1,1,1,0,0,0,0,0,0,0,1,0,0,0,0,0,0,2
828242950,1,1,1,1,1,1,0,0,0,0,0,0,0,1,0,0,0,0,0,1,3
828305055,1,0,,1,1,1,0,1,0,0,0,0,0,0,0,0,0,1,0,1,2
828282979,1,1,0,0,1,1,0,0,0,0,0,0,0,0,0,0,0,0,0,0,2
828402671,1,1,1,1,1,1,0,0,0,0,0,0,0,1,0,0,0,0,0,1,2
828358566,1,1,1,1,1,1,0,0,0,0,0,0,0,1,0,0,0,0,0,0,3
828065028,1,1,1,1,1,1,0,0,0,0,0,0,0,0,1,0,0,1,1,1,2
828454646,1,0,,1,1,1,0,0,0,0,0,0,0,1,0,0,0,1,1,0,2
828106067,1,1,1,1,0,1,0,0,0,0,0,0,0,0,0,0,0,0,0,0,2
828114136,1,1,0,1,1,1,0,0,0,0,0,0,0,0,0,0,0,0,0,0,3
828132420,1,0,,1,1,1,0,0,0,0,0,0,0,1,0,1,0,0,0,0,3
828306662,1,1,1,1,1,1,0,0,0,0,0,0,0,1,0,0,1,0,0,0,2
828301440,1,0,,1,1,1,0,0,0,0,0,0,0,1,0,0,0,0,0,1,3
828094711,1,1,1,1,1,1,0,0,0,0,0,0,0,1,0,0,0,0,0,0,2
828243634,1,1,1,1,1,1,0,0,0,0,0,0,0,1,0,0,0,0,0,0,3
828213969,1,0,,1,1,1,0,0,0,0,0,0,0,1,0,0,0,0,0,0,3
828510399,1,1,1,1,1,1,0,0,0,0,0,0,0,1,0,0,0,0,0,1,3
828128273,1,1,1,1,1,1,0,0,0,0,0,0,0,1,0,0,0,0,0,0,2
828301296,1,1,1,1,1,1,0,0,0,0,0,0,0,1,0,0,0,0,0,1,3
828353056,1,1,1,1,1,1,0,0,0,0,0,0,0,1,0,0,0,0,0,0,2
828061416,1,1,1,1,1,1,0,0,0,0,0,0,0,1,1,0,0,0,0,0,2
828037427,1,1,1,1,1,1,0,0,0,0,0,0,0,1,0,0,0,0,0,0,3
828144715,1,0,,1,1,1,0,0,0,0,0,0,1,0,0,0,0,0,0,0,2
828088767,1,1,1,1,1,1,0,0,0,0,0,0,0,1,0,0,0,0,0,1,2
828549297,1,1,1,1,1,1,0,0,0,0,0,0,0,1,0,0,0,0,0,1,3
828180686,1,0,,1,1,1,0,0,0,0,0,0,0,1,0,0,0,0,0,1,3
828516282,1,0,,1,1,1,0,0,0,0,0,0,0,0,0,1,0,1,0,0,3
828078842,1,1,1,1,1,1,0,0,0,0,0,0,0,1,0,0,0,0,0,1,2
828326967,1,1,1,1,1,1,0,0,0,0,0,0,0,1,0,0,0,1,1,1,3
828284459,1,1,1,1,1,1,0,0,0,0,0,0,0,1,0,1,0,0,0,0,2
828235341,1,0,,1,1,1,0,0,0,0,0,0,0,1,0,0,0,0,0,1,3
828576630,1,1,1,1,1,1,0,0,0,0,0,0,0,1,0,0,0,0,0,1,2
828081806,1,1,1,1,1,1,0,0,0,0,0,0,0,1,0,0,0,0,0,1,3
828235611,1,1,1,1,1,1,0,0,0,0,0,0,0,1,0,0,0,0,0,0,2
828538166,1,1,1,1,1,1,0,0,0,0,0,0,0,1,0,0,0,0,0,0,2
828286562,1,1,1,1,1,1,0,0,0,0,0,0,0,1,1,0,0,0,0,0,3
828274087,1,1,1,1,1,1,0,0,0,0,0,0,0,1,0,0,0,0,0,1,2
828166565,1,1,1,1,1,1,0,0,0,0,0,0,0,1,0,0,0,1,1,0,3
828473223,1,1,1,1,1,1,0,0,0,0,0,0,0,1,1,0,0,0,0,0,3
828393308,1,0,,1,1,1,0,0,0,0,0,0,0,1,0,0,0,1,0,1,3
828538106,0,1,1,1,1,1,0,0,0,0,0,0,0,0,0,0,0,1,1,0,2
828265523,0,0,,0,0,1,0,0,0,0,0,0,0,0,0,0,1,0,0,1,2
828080659,1,0,,1,1,1,0,0,0,0,0,0,0,1,0,0,0,0,0,0,2
828100369,1,1,1,1,0,1,0,0,0,0,0,0,0,0,0,0,0,0,0,0,3
828411391,1,1,1,1,1,1,0,0,0,0,0,0,0,1,0,0,0,0,0,0,2
828413234,1,1,1,1,1,1,0,0,0,0,0,0,0,1,0,1,0,0,0,0,3
828116424,1,1,1,1,1,1,0,0,0,0,0,0,0,1,0,1,0,0,0,0,2
828140551,1,0,,1,1,1,0,0,0,0,0,0,0,1,1,1,0,0,0,0,3
828494871,0,0,,0,1,1,0,0,0,0,0,0,0,0,0,0,0,0,0,0,2
828111657,1,1,1,1,1,1,0,0,0,0,0,0,0,1,0,0,0,0,0,1,3
828097855,1,1,1,1,1,1,0,0,0,0,0,0,0,0,1,0,0,0,0,0,3
828325064,1,0,,0,1,1,0,0,0,0,0,0,0,0,0,0,0,1,1,1,3
828398942,1,1,1,1,1,1,0,0,0,0,0,0,0,1,0,0,0,0,0,0,3
828123271,1,0,,1,1,1,0,0,0,0,0,0,0,1,0,0,0,0,0,0,2
828127693,1,0,,1,1,1,0,0,0,0,0,0,0,1,0,0,0,0,0,1,2
828077614,1,1,1,1,1,1,0,0,0,0,0,0,0,1,0,0,0,0,0,0,2
828094134,1,1,1,1,1,1,0,0,0,0,0,0,0,1,1,0,0,1,0,0,2
828039479,1,1,1,1,1,1,0,0,0,0,0,0,0,1,0,0,0,1,1,0,3
828457266,1,0,,1,1,1,0,0,0,0,0,0,0,0,1,0,0,0,0,0,4
828519760,1,1,1,1,1,1,0,0,0,0,0,0,0,1,0,0,1,1,1,1,2
828164492,1,0,,1,1,1,0,0,0,0,0,0,0,1,0,0,1,1,1,1,3
828053453,1,1,1,1,1,1,0,0,0,0,0,0,0,0,1,0,0,0,0,1,3
828518714,1,0,,1,1,1,0,0,0,0,0,0,0,1,0,0,0,0,0,0,3
828112628,1,1,1,1,0,1,0,0,0,0,0,0,0,0,0,0,0,0,0,0,2
828045737,1,0,,1,1,1,0,0,0,0,0,0,0,1,0,0,0,0,0,1,3
828100352,1,1,1,1,1,1,0,0,0,0,0,0,0,1,0,0,0,0,0,0,3
828085258,1,0,,1,1,1,0,0,0,0,0,0,0,1,0,0,0,1,0,1,2
828514893,1,1,1,1,1,1,1,1,1,1,1,1,1,1,1,1,1,1,1,1,2
828515551,1,1,1,1,1,1,1,1,1,1,1,1,1,1,1,1,1,1,1,1,2
828510799,1,1,1,1,1,1,0,0,0,0,0,0,0,1,1,0,0,0,0,0,3
828273172,1,0,,0,0,1,0,0,0,0,0,0,0,0,0,0,0,0,0,1,2
828207643,1,0,,1,1,1,0,0,0,0,0,0,0,1,0,0,0,0,0,1,2
828414341,1,0,,1,1,1,0,0,0,0,0,0,0,0,1,0,0,1,0,1,2
828260158,0,0,,1,0,1,0,0,0,0,0,0,0,0,0,0,0,0,0,0,4
828251757,1,0,,1,1,1,0,0,0,0,0,0,0,0,1,0,0,0,0,1,2
828240485,1,1,1,1,1,1,0,0,0,0,0,0,0,1,0,0,0,0,0,0,2
828192010,0,0,,1,0,1,0,0,0,0,0,0,0,0,0,0,0,0,0,0,2
828266243,1,0,,1,1,1,0,0,0,0,0,0,0,1,0,0,0,0,0,0,3
828277968,1,1,1,1,1,1,0,0,0,0,0,0,0,1,0,0,0,0,0,0,3
828033395,1,1,1,1,1,1,0,0,0,0,0,0,0,1,0,0,0,0,0,0,2
828085194,1,1,1,1,1,1,0,0,0,0,0,0,0,1,0,0,0,0,0,0,2
828193888,1,1,1,1,1,1,0,0,0,0,0,0,0,1,0,0,0,0,0,0,2
828252755,1,0,,1,1,1,0,0,0,0,0,0,0,1,0,0,0,0,0,0,3
828119658,1,0,,1,1,1,0,0,0,0,0,0,0,1,0,0,0,0,0,1,2
828114110,1,1,1,1,1,1,0,0,0,0,0,0,0,1,0,0,0,0,0,0,2
828141540,1,1,1,1,1,1,0,0,0,0,0,0,0,0,1,0,0,1,0,0,2
828058313,1,0,,1,1,1,0,0,0,0,0,0,0,1,0,0,0,0,0,1,2
828461574,0,0,,0,1,1,0,0,0,0,0,0,0,0,0,0,0,0,0,1,2
828490471,1,1,1,1,1,1,0,0,0,0,0,0,0,0,0,0,1,0,0,1,2
828531395,1,1,1,1,1,1,0,0,0,0,0,0,0,0,0,0,1,0,0,1,2
828614739,1,1,1,1,1,1,0,0,0,0,0,0,0,1,0,0,1,0,0,1,2
828047327,1,1,1,1,1,1,0,0,0,0,0,0,0,1,0,0,0,0,0,0,3
828057502,1,1,1,1,1,1,0,0,0,0,0,0,0,1,0,0,0,0,0,0,3
828461556,1,1,1,1,1,1,0,0,0,0,0,0,0,1,0,0,0,0,0,0,3
828423002,1,0,,1,1,1,0,1,0,0,0,0,0,1,0,0,0,0,0,1,3
828108986,1,1,1,1,1,1,0,0,0,0,0,0,0,1,0,0,0,0,0,0,2
828046435,1,1,1,1,1,1,0,0,0,0,0,0,0,1,0,0,0,0,0,1,2
828128128,1,1,1,1,1,1,0,0,0,0,0,0,0,1,0,0,0,0,0,0,3
828256821,1,0,,1,1,1,0,0,0,0,0,0,0,1,0,0,0,0,0,0,2
828210854,1,0,,0,1,1,0,0,0,0,0,0,0,0,0,0,0,0,0,0,2
828425626,1,0,,1,1,1,0,0,0,0,0,0,0,1,0,0,0,0,0,1,3
828531049,1,1,1,1,1,1,0,0,0,0,0,0,0,1,0,0,1,1,0,1,2
828069234,1,0,,1,1,1,0,0,0,0,0,0,0,1,0,0,0,0,0,0,2
828517565,1,1,0,0,1,1,0,0,0,0,0,0,0,0,0,0,0,0,0,0,3
828102681,1,1,1,1,1,1,0,0,0,0,0,0,0,1,0,0,0,0,0,1,3
828326793,1,1,1,1,1,1,0,0,0,0,0,0,0,1,0,0,0,0,0,0,3
828324172,1,0,,1,1,1,0,0,0,0,0,0,0,1,0,0,0,0,0,1,2
828443178,1,0,,1,1,1,0,0,0,0,0,0,0,1,0,0,0,1,0,1,3
828233854,1,0,,1,1,1,1,0,0,0,0,0,0,0,0,0,0,0,0,0,2
828127540,1,1,1,1,1,1,0,0,0,0,0,0,0,1,0,0,0,0,0,0,2
828126938,1,1,1,1,1,1,0,1,0,0,0,0,0,0,0,0,0,0,0,0,2
828457313,1,1,1,1,1,1,0,0,0,0,0,0,0,1,0,0,0,0,0,0,2
828243508,1,0,,1,1,1,0,1,0,0,0,0,0,0,0,0,0,0,0,1,2
828225577,1,1,1,1,1,1,0,0,0,0,0,0,0,1,0,0,0,1,1,0,2
828399810,1,1,1,1,1,1,0,0,0,0,0,0,0,1,0,0,0,0,0,0,3
828177594,1,0,,1,1,1,0,0,0,0,0,0,0,1,0,0,0,0,0,0,3
828411412,1,1,1,1,1,1,0,0,0,0,0,0,0,1,0,0,0,0,0,1,3
828207551,1,1,1,1,1,1,0,0,0,0,0,0,0,1,0,0,0,0,0,0,3
828050876,1,0,,1,1,1,0,0,0,0,0,0,0,1,0,0,0,0,0,0,2
828355655,1,0,,0,0,1,0,0,0,0,0,0,0,0,0,0,0,0,0,0,2
828480792,1,1,1,1,1,1,0,0,0,0,0,0,0,1,0,0,0,0,0,0,2
828183704,1,1,1,1,1,1,0,0,0,0,0,0,0,1,0,0,0,0,0,0,3
828044315,1,1,1,1,1,1,0,0,0,0,0,0,0,0,1,0,0,0,0,0,3
828415796,1,1,1,1,1,1,1,0,0,0,0,0,0,0,0,0,0,0,0,0,3
828239784,1,1,1,1,1,1,0,0,0,0,0,0,0,1,0,0,0,0,0,0,2
828340562,1,1,1,1,1,1,0,0,0,0,0,0,0,1,0,0,0,0,0,1,2
828032076,1,1,1,1,1,1,0,0,0,0,0,0,0,1,0,0,0,0,0,0,3
828300773,1,1,1,1,1,1,0,0,0,0,0,0,0,1,0,0,0,1,0,0,3
828145969,1,1,1,1,1,1,0,0,0,0,0,0,0,0,1,0,0,0,0,0,3
828531192,1,1,1,1,1,1,0,0,0,0,0,0,0,1,1,0,0,0,0,1,2
828276299,1,0,,1,1,1,0,0,0,0,0,0,0,1,0,0,0,0,0,0,3
828046471,1,0,,1,1,1,0,0,0,0,0,0,0,1,0,0,0,0,0,1,2
828600763,1,1,1,1,1,1,0,0,0,0,0,0,0,1,0,0,0,0,0,1,3
828438296,1,1,1,1,1,1,0,0,0,0,0,0,0,1,0,0,0,0,0,0,2
828236948,1,1,1,1,1,1,0,0,0,0,0,0,0,1,0,0,0,0,0,0,3
828371898,1,0,,0,0,1,0,0,0,0,0,0,0,0,0,0,0,0,0,0,2
828068351,1,1,1,1,1,1,0,0,0,0,0,0,0,1,1,1,0,0,0,1,3
828361982,1,0,,1,1,1,1,0,0,0,0,0,0,0,0,0,0,1,1,0,2
828578374,1,0,,1,1,1,0,0,0,0,0,0,0,1,0,0,0,0,0,1,3
828042637,1,1,1,1,1,1,0,0,0,0,0,0,0,1,0,0,0,0,0,0,3
828134329,1,1,1,1,1,1,0,0,0,0,0,0,0,1,0,0,0,0,0,0,2
828508821,1,1,1,1,1,1,0,0,0,0,0,0,0,1,0,0,0,1,1,1,3
828405983,1,1,0,0,0,1,0,0,0,0,0,0,0,0,0,0,0,0,0,0,2
828052741,1,0,,1,1,1,0,0,0,0,0,0,0,1,0,0,0,0,0,1,2
828394140,1,1,1,1,1,1,0,0,0,0,0,0,0,1,0,0,0,0,0,0,2
828490328,1,1,1,1,1,1,0,0,0,0,0,0,0,1,0,1,1,0,0,0,3
828125604,1,1,1,1,1,1,0,0,0,0,0,0,0,0,0,0,0,0,0,0,3
828269949,1,1,1,1,1,1,0,0,0,0,0,0,0,1,0,0,0,0,0,0,3
828411723,1,1,1,1,1,1,0,0,0,0,0,0,0,1,0,0,0,1,0,0,3
828064421,1,0,,1,1,1,0,0,0,0,0,0,0,1,0,0,0,1,1,0,3
828203751,1,1,1,1,1,1,0,0,0,0,0,0,0,1,0,0,1,0,0,1,3
828482263,1,1,1,1,1,1,0,0,0,0,0,0,0,1,0,0,0,0,0,0,2
828128675,1,1,1,1,1,1,0,0,0,0,0,0,0,1,0,0,0,0,0,0,2
828039727,1,1,1,1,1,1,0,0,0,0,0,0,0,0,0,0,0,0,0,0,2
828253950,1,0,,1,1,1,0,0,0,0,0,0,0,1,0,0,0,0,0,0,2
828047357,1,1,,1,1,1,1,0,0,0,0,0,0,0,0,0,0,0,0,0,2
828085911,1,1,1,1,1,1,0,0,0,0,0,0,0,1,0,0,0,0,0,0,3
828243212,1,1,1,1,1,1,0,0,0,0,0,0,0,1,1,0,0,0,0,0,3
828127630,1,0,,0,1,1,0,0,0,0,0,0,0,0,0,0,0,1,0,1,3
828380381,1,1,1,1,1,1,0,0,0,0,0,0,0,1,0,0,0,0,0,0,2
828209697,1,0,,1,1,1,0,0,0,0,0,0,0,1,0,0,0,0,0,0,3
828100939,1,1,1,1,1,1,0,0,0,0,0,0,0,1,0,0,0,1,0,0,3
828288824,1,1,1,1,1,1,0,0,0,0,0,0,0,1,0,0,1,1,0,1,3
828038077,1,1,1,1,1,1,0,0,0,0,0,0,0,1,0,1,1,1,1,1,3
828526097,1,1,1,1,1,1,0,0,0,0,0,0,0,1,0,1,0,0,0,0,3
828082894,1,1,1,1,1,1,0,0,0,0,0,0,0,1,0,0,0,1,1,1,3
828254598,1,1,1,1,1,1,0,0,0,0,0,0,0,1,0,0,0,0,0,0,3
828541514,1,1,1,1,1,1,0,0,0,0,0,0,0,1,1,0,0,1,1,1,3
828306937,1,0,,1,1,1,0,0,0,0,0,0,0,1,0,0,1,0,0,0,2
828381410,1,0,,1,1,1,0,1,0,0,0,0,0,0,0,0,0,0,0,1,3
828129774,1,0,,1,1,1,0,0,0,0,0,0,0,1,0,0,1,0,0,1,3
828303560,1,1,1,1,1,1,0,0,0,0,0,0,0,0,0,1,0,1,0,1,3
828292789,1,1,1,1,1,1,0,0,0,0,0,0,0,1,0,0,0,0,0,0,2
828559539,1,0,,1,1,1,0,1,0,0,0,0,0,1,0,0,0,0,0,0,3
828302965,1,0,,1,1,1,0,0,0,0,0,0,0,1,0,1,0,0,0,1,2
828167682,1,1,1,1,1,1,0,0,0,0,0,0,0,1,0,0,0,1,0,0,3
828195272,1,0,,1,1,1,0,0,0,0,0,0,0,1,0,1,0,0,0,0,2
828180194,1,0,,1,1,1,0,0,0,0,0,0,0,0,1,0,0,1,1,1,2
828179213,1,1,1,1,1,1,1,1,1,1,0,0,0,0,0,0,0,1,1,1,2
828569668,1,1,1,1,1,1,0,0,0,0,0,0,0,1,0,0,0,0,0,1,3
828436770,1,0,,1,1,1,0,0,0,0,0,0,0,1,0,0,0,0,0,0,2
828236995,1,1,1,1,1,1,0,0,0,0,0,0,0,1,0,0,0,0,0,0,2
828337093,1,0,,1,1,1,0,0,0,0,0,0,0,0,1,0,0,0,0,0,3
828191186,1,1,1,1,1,1,0,0,0,0,0,0,0,1,0,0,0,0,0,0,3
828554223,1,1,1,1,1,1,0,0,0,0,0,0,0,1,0,0,0,0,0,1,2
828738210,1,1,1,1,1,1,0,0,0,0,0,0,0,1,0,0,0,0,0,1,2
828414454,1,0,,1,0,1,0,0,0,0,0,0,0,0,0,0,0,0,0,1,2
828440942,1,1,1,1,1,1,0,0,0,0,0,0,0,1,0,0,0,0,0,0,2
828109599,1,1,1,1,1,1,0,0,0,0,0,0,0,1,0,0,0,0,0,0,2
828196517,1,1,1,1,1,1,0,0,0,0,0,0,0,1,0,0,0,0,0,1,3
828123131,1,1,1,1,1,1,0,0,0,0,0,0,0,1,0,0,0,0,0,0,3
828260713,1,1,1,1,1,1,0,0,0,0,0,0,0,1,0,0,0,0,0,0,2
828114619,1,1,1,1,1,1,0,0,0,0,0,0,0,1,0,0,0,0,0,0,3
828137487,1,1,1,1,1,1,0,0,0,0,0,0,0,1,0,0,0,0,0,0,2
828241707,1,1,1,1,1,1,0,0,0,0,0,0,0,1,0,0,0,0,0,0,3
828057420,1,1,1,1,1,1,0,0,0,0,0,0,0,1,0,0,1,0,0,1,2
828042529,1,0,,1,1,1,0,0,0,0,0,0,0,1,0,0,0,1,0,0,2
828191523,1,1,1,1,1,1,0,0,0,0,0,0,0,1,0,0,0,0,0,0,3
828134592,1,0,,1,1,1,0,0,0,0,0,0,0,1,0,0,0,0,1,1,2
828537304,1,1,1,1,1,1,0,0,0,0,0,0,0,1,1,0,0,0,0,0,3
828506658,1,0,,1,1,1,0,0,0,0,0,0,0,0,1,0,1,1,1,1,3
828398054,1,0,,1,1,1,0,0,0,0,0,0,0,1,0,0,0,1,0,1,3
828444898,1,0,,1,1,1,0,0,0,0,0,0,0,1,0,0,0,0,0,0,3
828048638,1,0,,1,1,1,0,0,0,0,0,0,0,1,0,0,0,0,0,0,2
828050932,1,0,,1,1,1,0,0,0,0,0,0,0,1,0,0,0,0,0,1,2
828590535,1,1,1,1,1,1,0,0,0,0,0,0,0,1,0,0,0,0,0,0,3
828460936,1,0,,1,1,1,0,0,0,0,0,0,0,0,0,1,1,1,1,1,2
828063874,1,0,,1,1,1,0,0,0,0,0,0,0,0,1,0,0,0,0,0,2
828370648,1,1,1,1,1,1,0,0,0,0,0,0,0,1,0,0,0,1,1,0,3
828163747,1,0,,1,1,1,0,0,0,0,0,0,0,1,0,0,0,0,0,0,3
828598968,1,1,1,1,1,1,0,0,0,0,0,0,0,1,1,0,0,1,0,0,2
828315223,1,1,1,1,1,1,0,0,0,0,0,0,0,1,0,0,0,0,0,0,2
828104354,1,0,,1,1,1,0,0,0,0,0,0,0,1,0,0,1,0,0,1,3
828368322,1,1,1,1,1,1,0,0,0,0,0,0,0,1,0,0,0,0,0,0,2
828057579,1,1,1,1,1,1,0,0,0,0,0,0,0,1,0,0,0,1,1,0,2
828481516,1,1,1,1,1,1,0,0,0,0,0,0,0,1,0,0,0,0,0,0,3
828380479,1,0,,1,1,1,0,0,0,0,0,0,0,1,0,0,0,0,0,1,2
828059219,1,0,,1,1,1,0,0,0,0,0,0,0,1,0,0,0,0,0,0,2
828302338,1,1,1,1,1,1,0,0,0,0,0,0,0,1,0,0,1,1,1,1,2
828575995,1,1,1,1,1,1,0,0,0,0,0,0,0,1,0,0,0,1,0,0,2
828445766,1,0,,1,1,1,0,0,0,0,0,0,0,1,0,0,0,0,0,1,3
828080883,1,1,1,1,1,1,0,0,0,0,0,0,0,1,0,0,0,0,0,0,2
828243538,1,1,1,1,1,1,0,0,0,0,0,0,0,1,0,0,0,0,0,0,2
828329918,1,0,,1,1,1,0,0,0,0,0,0,0,1,0,0,0,0,0,0,2
828297037,1,1,1,1,1,1,0,0,0,0,0,0,0,1,0,0,0,0,0,0,2
828456523,1,1,1,1,1,1,0,0,0,0,0,0,0,1,0,0,0,1,1,1,3
828540305,1,1,1,1,1,1,0,0,0,0,0,0,0,1,0,0,0,0,0,0,3
828402770,1,0,,1,1,1,0,0,0,0,0,0,0,1,0,0,0,0,0,1,3
828242063,1,1,1,1,1,1,0,0,0,0,0,0,0,1,0,0,0,1,1,1,2
828359464,1,1,1,1,1,1,0,0,0,0,0,0,0,1,0,0,1,1,1,1,3
828079861,1,0,,1,1,1,0,0,0,0,0,0,0,1,0,0,0,0,0,1,3
828413573,1,1,1,1,1,1,0,0,0,0,0,0,0,1,0,0,0,0,0,1,3
828109441,1,1,1,1,1,1,0,0,0,0,0,0,0,1,0,0,0,0,0,0,2
828174169,1,0,,1,0,1,0,0,0,0,0,0,0,0,0,0,1,0,0,0,2
828355216,1,1,0,1,1,1,0,0,0,0,0,0,0,0,0,0,0,0,0,0,2
828514919,1,1,1,1,1,1,1,1,1,1,1,1,1,1,1,1,1,1,1,1,2
828608887,1,1,1,1,1,1,0,0,0,0,0,0,0,1,0,0,0,0,0,0,2
828265894,1,1,1,1,1,1,0,0,0,0,0,0,0,1,0,0,0,1,1,1,2
828334413,1,1,1,1,1,1,0,0,1,0,0,0,0,0,0,0,0,0,0,0,2
828032764,1,1,1,1,1,1,0,0,0,0,0,0,0,1,0,0,0,0,0,0,2
828502411,1,0,,1,1,1,0,0,0,0,0,0,0,0,0,1,0,1,1,1,2
828076531,1,1,1,1,1,1,0,0,0,0,0,0,0,1,0,0,0,0,0,0,2
828300282,1,1,1,1,1,1,0,0,0,0,0,0,0,1,0,0,0,0,0,0,2
828247634,1,1,1,1,1,1,0,0,0,0,0,0,0,1,1,0,0,0,0,0,3
828095049,1,1,1,1,1,1,0,0,0,0,0,0,0,0,0,1,0,0,0,1,2
828336298,1,0,,1,1,1,0,0,0,0,0,0,0,0,1,0,0,0,0,0,3
828123902,1,0,,1,1,1,0,0,0,0,0,0,0,0,1,0,0,0,0,0,3
828544975,1,1,1,1,1,1,0,0,0,0,0,0,0,1,0,0,0,1,1,1,2
828385593,1,1,1,1,1,1,0,0,0,0,0,0,0,1,0,0,0,0,0,0,3
828539490,1,1,1,1,1,1,0,0,0,0,0,0,0,1,0,0,0,0,0,0,3
828353149,1,1,1,1,1,1,0,0,0,0,0,0,0,1,0,0,0,0,0,0,2
828203917,1,0,,1,0,1,0,0,0,0,0,0,0,0,0,0,0,0,0,0,2
828371811,1,1,1,1,1,1,0,0,0,0,0,0,0,1,0,0,0,0,0,1,3
828303585,1,1,1,1,1,1,0,0,0,0,0,0,0,1,0,0,0,0,0,0,3
828251936,1,0,,1,1,1,0,0,0,0,0,0,0,1,0,0,0,0,0,1,3
828596547,1,0,,1,0,1,0,0,0,0,0,0,0,0,0,0,0,0,0,0,2
828359135,1,1,1,1,1,1,0,0,0,0,0,0,0,1,1,0,0,0,0,0,3
828504167,1,1,1,0,1,1,0,0,0,0,0,0,0,0,0,0,0,0,0,1,2
828531070,1,1,1,1,1,1,0,0,0,0,0,0,0,1,0,0,0,0,0,1,2
828391775,1,0,,1,1,1,0,1,0,0,0,0,0,0,0,0,0,0,0,0,2
828250766,1,0,,1,1,1,0,0,0,0,0,0,1,0,0,0,0,1,1,0,3
828349561,1,0,,1,1,1,0,0,0,0,0,0,0,1,0,0,0,0,0,0,2
828036632,0,0,,1,1,1,0,0,0,0,0,0,0,0,0,0,0,0,0,0,2
828107574,0,0,,1,1,1,0,0,0,0,0,0,0,0,0,0,0,0,0,0,2
828409457,1,1,1,1,1,1,1,1,0,0,0,0,0,0,0,0,0,0,0,0,2
828224961,1,0,,1,1,1,0,1,0,0,0,0,0,1,0,0,0,0,0,0,3
828402280,1,1,1,1,1,1,0,0,0,0,0,0,0,1,0,0,0,0,0,0,2
828238147,1,1,1,1,1,1,0,0,0,0,0,0,0,1,1,0,0,1,1,1,3
828144878,1,1,1,1,1,1,0,0,0,0,0,0,0,1,0,0,0,0,0,1,3
828427152,1,0,,1,1,1,0,1,0,0,0,0,0,0,0,0,0,0,0,0,3
828410322,1,1,1,1,1,1,0,0,0,0,0,0,0,1,0,0,0,0,0,0,3
828212533,1,0,,1,1,1,0,1,0,0,0,0,0,0,0,0,0,0,0,1,2
828544291,1,0,,1,1,1,0,0,0,0,0,0,0,0,1,0,0,0,0,1,2
828423353,1,1,1,1,1,1,0,0,0,0,0,0,0,1,0,1,1,1,1,0,2
828045394,1,1,1,1,1,1,0,0,0,0,0,0,0,1,0,0,0,0,0,0,2
828240761,1,1,1,1,1,1,0,0,0,0,0,0,0,1,0,0,1,0,0,0,2
828504076,1,0,,1,1,1,0,0,0,0,0,0,0,1,0,0,0,0,0,0,3
828356814,1,0,,1,1,1,0,0,0,0,0,0,0,0,1,0,0,1,0,1,3
828060450,1,1,1,1,1,1,0,0,0,0,0,0,0,1,0,1,0,0,0,1,2
828244552,1,1,1,1,1,1,0,0,0,0,0,0,0,1,0,0,0,1,1,0,3
828493476,1,1,1,1,1,1,0,0,0,0,0,0,0,1,0,0,0,1,0,1,2
828187818,1,1,1,1,1,1,0,0,0,0,0,0,0,1,0,0,0,0,0,0,2
828601483,1,0,,1,1,1,0,0,0,0,0,0,0,1,0,0,0,1,0,0,2
828203547,1,0,,1,1,1,0,0,0,0,0,0,0,1,0,0,0,0,0,1,2
828406073,1,1,1,1,1,1,0,0,0,0,0,0,0,1,0,0,0,0,0,0,2
828541445,1,0,,1,1,1,0,0,0,0,0,0,0,1,0,0,0,0,0,1,2
828127063,1,1,1,1,1,1,0,0,0,0,0,0,0,1,0,0,0,0,0,0,3
828295404,1,0,,1,0,1,0,0,0,0,0,0,0,0,0,0,0,0,0,1,3
828416731,1,1,1,1,1,1,0,0,0,0,0,0,0,1,0,1,0,0,0,0,2
828270026,1,1,1,1,1,1,0,0,0,0,0,0,0,1,1,1,0,1,1,0,2
828454633,1,1,1,1,1,1,0,0,0,0,0,0,0,1,0,0,0,0,0,0,3
828435024,1,0,,1,1,1,0,0,0,0,0,0,0,1,0,0,0,0,0,0,3
828176644,1,0,,1,1,1,0,1,0,0,0,0,0,0,0,0,0,0,0,0,2
828463570,1,1,1,1,1,1,0,0,0,0,0,0,0,1,0,1,0,1,0,1,2
828474576,1,0,,1,1,1,0,0,0,0,0,0,0,1,0,0,0,0,0,0,2
828385784,1,1,1,1,1,1,0,0,0,0,0,0,0,1,0,0,0,0,0,1,3
828336008,1,1,1,1,1,1,0,0,0,0,0,0,0,1,0,0,0,0,0,0,3
828200511,1,0,,1,1,1,0,1,0,0,0,0,0,0,0,0,0,0,0,1,2
828300923,1,1,1,1,1,1,0,0,0,0,0,0,0,1,0,0,0,0,0,0,2
828267550,1,1,1,1,1,1,0,0,0,0,0,0,0,1,0,0,0,0,0,1,3
828351393,1,0,,1,1,1,0,0,0,0,0,0,0,1,0,0,0,0,0,0,3
828053359,1,1,1,1,1,1,0,0,0,0,0,0,0,1,0,0,0,0,0,0,2
828526062,1,1,1,1,1,1,0,0,0,0,0,0,0,1,0,0,0,0,0,1,3
828319963,1,1,1,1,1,1,0,0,0,0,0,0,0,1,0,0,0,1,0,1,2
828253280,1,0,,1,1,1,0,0,0,0,0,0,0,1,0,0,0,0,0,1,2
828530648,1,1,1,1,1,1,0,0,0,0,0,0,0,1,0,0,0,0,0,0,3
828044734,1,0,,1,1,1,0,0,0,0,0,0,0,1,1,0,0,0,0,0,3
828185788,1,1,1,1,1,1,0,0,0,0,0,0,0,1,0,0,0,0,0,0,2
828240631,1,1,1,1,1,1,0,0,0,0,0,0,0,1,1,0,0,0,0,0,3
828139220,1,1,1,1,1,1,0,0,0,0,0,0,0,1,0,0,0,0,0,0,3
828095470,1,0,,0,0,1,0,0,0,0,0,0,0,0,0,0,0,1,1,0,3
828346655,1,1,0,0,1,1,0,0,0,0,0,0,0,0,0,0,0,1,0,1,2
828210470,1,1,1,1,1,1,0,0,0,0,0,0,0,1,0,1,0,0,0,0,2
828250627,1,1,0,1,0,1,0,0,0,0,0,0,0,0,0,0,0,0,0,0,2
828414076,1,1,1,1,1,1,0,0,0,0,0,0,0,1,0,0,0,0,0,0,3
828304166,1,0,,1,1,1,0,0,0,0,0,0,0,1,0,0,0,0,0,1,3
828305266,1,1,1,1,1,1,0,0,0,0,0,0,0,1,0,0,0,0,0,0,3
828268569,1,0,,1,1,1,0,0,0,0,0,0,0,0,1,0,0,0,0,0,3
828261270,1,0,,1,1,1,0,1,0,0,0,0,0,0,0,0,0,1,1,1,3
828243063,1,0,,1,1,1,0,0,1,0,0,0,0,0,0,0,0,0,0,1,2
828243826,1,0,,1,1,1,0,0,0,0,0,0,0,1,0,0,1,1,0,1,3
828380721,1,0,,1,1,1,0,0,0,0,0,0,0,1,0,1,0,0,0,0,2
828329306,1,1,1,1,1,1,0,0,0,0,0,0,0,1,0,0,0,0,0,0,2
828273171,1,1,1,1,1,1,0,0,0,0,0,0,0,1,0,0,0,1,0,0,3
828116361,1,1,1,1,1,1,0,0,0,0,0,0,0,1,0,0,0,0,0,0,2
828238141,1,1,1,1,1,1,0,0,0,0,0,0,0,1,0,0,0,0,0,0,3
828324806,1,0,,1,1,1,0,1,0,0,0,0,0,0,0,0,0,0,0,1,4
828299491,1,1,1,1,1,1,0,0,0,0,0,0,0,1,0,0,0,0,0,0,2
828055072,1,1,1,1,1,1,0,0,0,0,0,0,0,1,0,0,0,1,1,1,2
828329396,1,1,1,1,1,1,0,0,0,0,0,0,0,1,0,0,0,1,1,1,3
828294788,1,1,1,1,1,1,0,0,0,0,0,0,0,1,1,0,0,1,1,0,4
828342422,1,1,1,1,1,1,0,0,0,0,0,0,0,1,0,0,0,1,0,0,2
828544243,1,0,,1,1,1,0,0,0,0,0,0,0,1,1,1,1,1,0,1,3
828107845,1,0,,1,1,1,0,0,0,0,0,0,0,0,0,0,0,0,0,0,2
828523933,1,0,,1,1,1,0,0,0,0,0,0,0,0,1,0,0,0,0,0,2
828055983,1,0,,1,1,1,0,0,0,0,0,0,0,1,0,0,0,0,0,0,3
828505601,1,0,,1,1,1,0,0,0,0,0,0,0,0,1,0,1,1,1,1,3
828214343,1,1,1,1,1,1,0,0,0,0,0,0,0,1,0,0,0,0,0,0,2
828419935,1,1,1,1,1,1,0,0,0,0,0,0,0,1,0,0,0,0,0,0,2
828416816,1,1,1,1,1,1,0,0,0,0,0,0,0,1,0,0,0,1,0,0,2
828057864,1,0,,1,1,1,0,0,0,0,0,0,1,0,0,0,0,0,0,0,2
828060396,1,0,,1,1,1,0,0,0,0,0,0,0,1,0,0,0,1,0,1,3
828329332,1,1,1,1,1,1,0,0,0,0,0,0,0,1,0,0,0,0,0,1,3
828411164,1,1,1,1,1,1,0,0,0,0,0,0,0,1,0,0,0,0,0,0,2
828066813,1,0,,1,1,1,0,1,0,0,0,0,0,0,0,0,0,1,0,1,3
828239599,1,1,1,1,1,1,0,0,0,0,0,0,0,1,0,0,0,0,0,0,3
828276550,1,0,,1,1,1,0,0,0,0,0,0,0,1,0,0,0,0,0,0,2
828527530,1,1,1,1,1,1,0,0,0,0,0,0,0,1,0,0,0,1,0,0,2
828446010,1,1,1,1,1,1,0,0,0,0,0,0,0,1,0,0,0,0,0,0,3
828578139,1,0,,1,1,1,0,0,0,0,0,0,0,1,0,0,0,1,1,1,3
828191813,1,1,1,1,1,1,0,0,0,0,0,0,0,1,0,0,0,0,0,0,3
828326580,1,1,1,1,1,1,0,0,0,0,0,0,0,0,1,0,1,0,0,1,3
828203784,1,0,,1,1,1,1,0,0,0,0,0,0,0,0,0,1,1,1,1,3
828126871,1,1,1,1,1,1,0,0,0,0,0,0,0,1,0,0,0,0,0,0,3
828043945,1,1,1,1,1,1,0,0,0,0,0,0,0,1,0,1,0,0,0,0,3
828100441,1,0,,1,1,1,0,0,0,0,0,0,0,0,0,1,0,0,0,1,3
828261722,1,1,1,1,1,1,0,0,0,0,0,0,0,1,1,0,0,0,0,0,3
828525518,1,0,,1,1,1,0,1,0,0,0,0,0,0,0,0,0,0,0,1,3
828165881,1,0,,1,1,1,0,0,0,0,0,0,0,1,0,0,0,0,0,0,2
828182272,1,1,1,0,0,1,0,0,0,0,0,0,0,0,0,0,0,0,0,0,2
828115714,1,1,1,1,1,1,0,0,0,0,0,0,0,1,0,0,0,0,0,0,2
828169105,1,0,,1,1,1,0,0,0,0,0,0,0,1,0,0,0,0,0,0,3
828148513,1,1,1,1,1,1,0,0,0,0,0,0,0,1,0,0,0,0,0,0,2
828168033,1,0,,0,0,1,0,0,0,0,0,0,0,0,0,0,0,0,0,0,2
828311955,1,1,1,1,1,1,0,0,0,0,0,0,0,0,1,0,0,0,0,0,2
828133886,1,1,1,1,1,1,0,0,0,0,0,0,0,1,0,0,0,0,0,0,2
828083677,1,0,,1,1,1,0,0,0,0,0,0,0,1,0,0,0,0,0,0,3
828457344,1,1,1,1,1,1,0,0,0,0,0,0,0,1,0,0,0,0,0,0,2
828240361,1,1,1,1,1,1,0,0,0,0,0,0,0,1,0,0,0,0,0,0,3
828328180,1,1,1,1,1,1,0,0,0,0,0,0,0,1,0,0,0,0,0,1,2
828474377,1,0,,1,1,1,0,0,0,0,0,0,0,1,0,0,0,0,0,0,3
828264164,1,1,1,1,1,1,0,0,0,0,0,0,0,1,0,0,0,0,0,0,3
